{
  "dataset": "liar",
  "baselines": {
    "bert": {
      "accuracy": 0.6515978176149649,
      "f1": 0.7259350091968118
    },
    "roberta": {
      "accuracy": 0.6414653156664069,
      "f1": 0.7255369928400954
    },
    "gpt4.1-nano": {
      "split": "validation",
      "accuracy": 0.58,
      "f1": 0.5280898876404494
    }
  }
}